,Municipality,General_Coefficient,General_Accuracy,Prefecture_Coefficient,Prefecture_Accuracy,Municipality_Coefficient,Municipality_Accuracy
0,"Chuo Ward,Sapporo City",1.171756531180538,0.18656914502516195,1.1707873968666915,0.1880799498847414,1.1622299177149156,0.18683431844810264
1,"Kita Ward,Sapporo City",1.0417785926782417,0.250302715088543,1.0191310728153036,0.2515155381549485,1.1531647200350208,0.2182537816872222
2,"Higashi Ward,Sapporo City",1.2584816904824607,0.18908400317586718,1.278855046780011,0.18296593171857464,1.2307007987653986,0.1885006737586082
3,"Shiroishi Ward,Sapporo City",1.1979650976770624,0.16739046239301583,1.185968364219293,0.1675581450481762,1.2214375574666072,0.17455331957726647
4,"Toyohira Ward,Sapporo City",1.4034267218005814,0.2025240646622818,1.3915567446474832,0.19547912010058488,1.3717116233893305,0.18978793287200327
5,"Minami Ward,Sapporo City",1.2049559350696517,0.21770271243717904,1.1949043259858485,0.21780622618894335,1.0883038090708534,0.21918607264760986
6,"Nishi Ward,Sapporo City",1.115620852111324,0.25507103448676965,1.0963898590394612,0.2591587304220218,1.0590168040944186,0.25458961188161106
7,"Atsubetsu Ward,Sapporo City",1.1907437019361442,0.1645492272728983,1.1606469401076738,0.16106232856105535,1.134447666483031,0.14181864586630716
8,"Teine Ward,Sapporo City",1.3091675081290062,0.13157428070611307,1.2968217761784546,0.1293987466387983,1.2835597437647284,0.1821739147445707
9,"Kiyota Ward,Sapporo City",1.0,0.12229570825550116,1.0,0.13710042057238755,1.0441460054734963,0.09375074295531234
10,Hakodate City,0.9475590778889232,0.19269859837253672,0.9649117593255851,0.19567567655258816,1.0043450214991343,0.21229476690433607
11,Otaru City,1.0,0.28973339940486675,1.0,0.2910998670667573,1.0,0.29472672367073866
12,Asahikawa City,1.0,0.3083696931384412,1.0,0.2911983844708152,1.0,0.2972719362111422
13,Kushiro City,1.005983375748209,0.2200203245983756,1.015440329681007,0.2333393204212614,1.0652096586334023,0.17747051729203525
14,Obihiro City,1.0258727913651613,0.12498714326217279,1.033708088816231,0.1304209373354657,1.0,0.18060293832995686
15,Kitami City,0.9999999928765618,0.2798788441512937,0.9999999926780845,0.2815729419125032,1.0,0.43614918840237776
16,Tomakomai City,0.9435994964011635,0.11623951962518038,1.0,0.10739810311044759,1.0,0.14268960143377615
17,Ebetsu City,1.2722191616684977,0.08559852588783995,1.2710515942799145,0.09111087012839292,1.2928128652591828,0.22469341328103837
18,Aomori City,1.1285746514694788,0.2002353017848302,1.1608535890396376,0.16711227094692213,1.0595993469053202,0.1645075087734737
19,Hirosaki City,0.733149747765771,0.18299578795741558,0.819830207232362,0.15303876321221083,0.7977655325686646,0.2324130967396933
20,Hachinohe City,1.0,0.051267860260445,0.9648026368681322,0.06217819415970455,1.0071283634011519,0.0414482036021775
21,Morioka City,1.1353660339719538,0.21783700733573186,1.1053868126756095,0.2035183634831382,1.1014689537365159,0.20376187606004598
22,Ichinoseki City,0.9999999993144695,0.09838443968504097,0.9999999982042945,0.0890062915795539,0.999999999251315,0.09417161208119713
23,Hanamaki City,0.9999999920634618,0.043016489147416646,0.9999999934924622,0.0008796842584042438,0.9999999901883007,0.07897133270325829
24,Oshu City,1.0304209514543023,0.012830556856666273,1.1487311302335055,6.542260225371205e-05,1.1470643148886701,0.3759664492905148
25,"Aoba Ward,Sendai City",1.1371540211651765,0.20863047287574818,1.1760012983921624,0.2075535345209172,1.1469740449598431,0.20624153598447087
26,"Miyagino Ward,Sendai City",1.0795471550497,0.1536970916640159,1.0991510738140224,0.1588880054344176,1.1279467825096627,0.16850071415071308
27,"Wakabayashi Ward,Sendai City",1.136586304782031,0.20716625764905844,1.175598704208552,0.18591160601302753,1.11409917873947,0.24076275591001534
28,"Taihaku Ward,Sendai City",1.0195114506266771,0.1662903132584881,1.0612153000849303,0.16980972124524069,1.0353295424354358,0.16964523895122569
29,"Izumi Ward,Sendai City",1.124903487701505,0.1358306685200232,1.0875376605789016,0.12773897865075018,1.1088862407438254,0.1291289049172782
30,Ishinomaki City,0.915710445747068,0.3660221265890354,0.8436656715017965,0.3775561761230256,1.0,0.2477451791678277
31,Osaki City,1.0,0.3301678386746938,1.0,0.25273634766206965,1.0,0.15079373890321787
32,Shiogama City,1.0,9999.0,1.0,9999.0,1.0,9999.0
33,Natori City,1.0,9999.0,1.0,9999.0,1.0,9999.0
34,Tagajo City,1.0,0.1076895298035336,1.0,0.10482116113974026,1.0,0.37494202353177175
35,Iwanuma City,1.0,9999.0,1.0,9999.0,1.0,9999.0
36,"Matsushima Town,Miyagi County",1.0,9999.0,1.0,9999.0,1.0,9999.0
37,"Shichigahama Town,Miyagi County",1.0,9999.0,1.0,9999.0,1.0,9999.0
38,Akita City,0.9579892049501869,0.22319337135433776,0.958600158997965,0.20193812860380944,0.9592251349034899,0.20168163527095864
39,Yokote City,1.0,9999.0,1.0,9999.0,1.0,9999.0
40,Yamagata City,0.9906218379391694,0.2944116101791237,1.2788821146486509,0.29750172975293854,1.2984724912831933,0.29557558950753704
41,Tsuruoka City,1.0,0.03162456895996133,1.0,0.07922924669489138,0.999999999369686,1.0852150664147401e-05
42,Sakata City,0.9934553978360006,0.5533981437536141,0.9802752048917147,0.46675056633967327,0.9740339685631099,0.3892026827434315
43,Fukushima City,1.0074770462804237,0.21441781911141639,1.0845476383887833,0.2160794965259983,1.0774693260404418,0.20026160818876226
44,Aizuwakamatsu City,1.0025583312950588,0.2684484846877373,1.0,0.35368994367594075,0.9919698425091398,0.1349113905953981
45,Koriyama City,1.1189921455121097,0.1485326924858433,1.1486527980299854,0.17262978678757382,1.0627016218302145,0.18267045287164843
46,Iwaki City,1.0,0.1535603924422314,1.0,0.2016494001942475,1.0,0.2698875679393485
47,Chiyoda Ward,1.2189632111847493,0.1820438410318612,1.2294517192176488,0.1819462895237584,1.2129895890713607,0.17348481905772747
48,Chuo Ward,1.1434827501594722,0.11315237516644994,1.1484789468410883,0.1101566842980479,1.1436458831017124,0.11111447225251553
49,Minato Ward,1.2259333950608047,0.23221803598693835,1.2165923038111806,0.235846274575403,1.2402257266124415,0.20746857623730222
50,Shinjuku Ward,1.2170354272320678,0.1476360887690781,1.224199327114164,0.14648534698646468,1.2258124086244537,0.14052202209008025
51,Bunkyo Ward,1.2065092412293628,0.14508666812324403,1.2087329167483187,0.14369849648544603,1.2212546524343375,0.13037986929137582
52,Taito Ward,1.1671580933018995,0.1305869326814456,1.1701371073271438,0.12842861383091841,1.1380494751515744,0.13286965111050625
53,Sumida Ward,1.0613618090106036,0.1410043696837144,1.0680787196763828,0.13719541488076853,1.1136323185550463,0.14367833478394043
54,Koto Ward,1.0547362612563533,0.12125637616256439,1.081701353341812,0.1175347748432668,1.089399467324344,0.1185661163733357
55,Shinagawa Ward,1.1893196233326233,0.14114036322295265,1.1913831853585115,0.1370127292761104,1.1746594489179623,0.13902615983477884
56,Meguro Ward,1.0910978937086155,0.17016749685420773,1.1175390248219674,0.1658988858154213,1.1609089450363634,0.1318202294709662
57,Ota Ward,1.12344156201653,0.1397133935000407,1.1255871782200422,0.13552242070375448,1.135733189842629,0.13124466234404325
58,Setagaya Ward,1.0506848841541565,0.1455293609772343,1.0631843911534773,0.14339969069432298,1.0683805548349374,0.13000485164973205
59,Shibuya Ward,1.1417652158599498,0.15632918339547316,1.1777547186420634,0.14891608648772356,1.2074270626346355,0.13179101995994794
60,Nakano Ward,1.1374777896669834,0.14309417009924488,1.15514945008973,0.14247290249483555,1.1617517024658193,0.13785478234877377
61,Suginami Ward,1.100252594545654,0.13973207365546716,1.1203215440294274,0.1369584944633275,1.1038881488748045,0.1404122483805394
62,Toshima Ward,1.1610421209527773,0.11834539063272584,1.172571645829928,0.11714501176624166,1.1599015178712142,0.11668799944529733
63,Kita Ward,1.096253709667384,0.1391866017016503,1.0954066469021249,0.13620773804884587,1.1162396380377655,0.13448642202963834
64,Arakawa Ward,1.1334992943921036,0.1287639267369593,1.1437045085686472,0.12407642964857764,1.1590740953676668,0.12595641540805003
65,Itabashi Ward,1.07767863046778,0.18000912469176655,1.117356364382637,0.17788953652367223,1.1154797901288047,0.1806081525340646
66,Nerima Ward,1.0782195611847507,0.15791647181789184,1.0796239111166748,0.1569319415839263,1.086585779538516,0.14966884654466028
67,Adachi Ward,1.1423515345222066,0.16278075507739723,1.1464907534863424,0.1636319341387416,1.127999489816366,0.15864537101316648
68,Katsushika Ward,1.0611255186932451,0.15276099613059466,1.0905451732296916,0.15061303459403275,1.078823423328824,0.1483369586742607
69,Edogawa Ward,1.0214612334191646,0.1530348187732773,1.0312050121509384,0.1514533972068101,1.0750391287179875,0.1344506421460401
70,Hachioji City,0.9883947858460419,0.1932099498888784,0.998594191330402,0.19830274345429538,0.9833105760089916,0.17990769174269175
71,Tachikawa City,1.0479882183280749,0.22024555150801975,1.062207231424102,0.2009240146780658,1.0141570577430963,0.20599722893416686
72,Musashino City,1.0633355262355217,0.15271300893222237,1.0669518529023314,0.15945995557519074,1.0962611080820461,0.1065897828661134
73,Mitaka City,1.0,0.15032820350949938,1.0,0.1499659630188958,1.0734794673081842,0.13798075332219115
74,Oume City,1.0,0.3158166863942752,1.000231334456117,0.3252873095064643,1.0,0.2867635982679087
75,Fuchu City,1.0,0.17435012328457286,1.0,0.170556739950126,1.0579264935139263,0.1675522280205704
76,Akishima City,1.1359867806140878,0.09085137239087479,1.1523471422514684,0.08945212622165395,1.0895716440899843,0.08476226671353797
77,Chofu City,1.0,0.16462153022540502,1.0,0.15444801259854773,1.0055532732950014,0.1224465829646456
78,Machida City,1.0,0.14132692640851663,1.0743218908169556,0.14533624264796577,1.0092153797284982,0.12074560463690223
79,Koganei City,1.0884685778044085,0.1225803304893921,1.1022686238610147,0.12342370574615331,1.1348040885128028,0.12714969125522177
80,Kodaira City,1.0185918370447784,0.10897770528265172,1.0,0.1120924741269985,1.0,0.10551393081202397
81,Hino City,1.028767656802351,0.14603103773711393,1.0320685969434078,0.15615144493135566,1.0,0.14541707081532393
82,Higashimurayama City,0.9996991972333604,0.09547077509290795,1.0,0.09777864062679659,1.002747257911933,0.08376489708503132
83,Kokubunji City,1.0765946043845336,0.07603475054183105,1.0939174227138122,0.08484234614898141,1.0513411883671948,0.10124204562670755
84,Kunitachi City,1.021232504881382,0.19374290135774583,1.01793903462222,0.19356527919601269,1.050339150076613,0.14900057849664236
85,Fussa City,1.0052991297913174,0.17870248874071049,0.9891532062203213,0.16565638569173624,0.9811643193990902,0.1213149929039704
86,Komae City,1.0224185961935381,0.13844904276756814,1.0385042398217592,0.1334083850519858,1.092120147561414,0.13278781163841316
87,Higashiyamato City,0.9681386779760949,0.1569286451676742,0.9794343184919934,0.16115911074854905,1.0011399158749077,0.18418714321621976
88,Kiyose City,1.0102187254740898,0.2378649157289904,0.9492455645197618,0.24846252223629767,1.0092239785071213,0.20751771405440947
89,Higashikurume City,1.0220869978898044,0.14957228542067907,1.0301766279251252,0.1515728310211894,1.042929185689905,0.1547983285126005
90,Musashimurayama City,0.928587902885894,0.014977375438482507,0.8897375250003299,0.02497352223692729,0.962761115916013,0.05143280181456219
91,Tama City,1.021420229784134,0.1912883672080929,1.0286395440717997,0.19316067980171894,1.0013644680295601,0.16685151434769976
92,Inagi City,0.9948032834671723,0.15856603185425933,0.9936897085231963,0.15354854623448483,1.0213598719872345,0.11336124793709815
93,Hamura City,1.0,0.40578538360363975,1.0,0.4235907356136954,1.0,0.29850257153891124
94,Akiruno City,0.8861455185387477,0.26693363579247714,0.875321145629187,0.23765900374489957,0.9433036941722596,0.18077460522713729
95,Nishitokyo City,1.0,0.07387335260943327,1.0012733930150977,0.07459407420333838,1.0345813875519416,0.07788806405868014
96,"Mizuho Town,Nishitama County",0.9999999921584969,0.13681235752726142,0.9999999913167751,0.12658588253353176,1.0,0.28628436084678843
97,"Tsurumi Ward,Yokohama City",1.0640809404519878,0.14016230385736805,1.0473062671411493,0.13896225096337714,1.082888723889003,0.1394441204202575
98,"Kanagawa Ward,Yokohama City",1.182360357988789,0.14893489827725656,1.1364617344899317,0.15282817817369657,1.1292647331488854,0.15901501930266482
99,"Nishi Ward,Yokohama City",1.1617802777299202,0.1409622335563551,1.1834882380913039,0.14775138386977485,1.1677731764454906,0.1346195162086383
100,"Naka Ward,Yokohama City",1.1452093254660511,0.19688528697885962,1.098391831107419,0.20075487258596394,1.043451357159299,0.17606803578548966
101,"Minami Ward,Yokohama City",1.0308093392267637,0.17872888766634878,1.0381794862339648,0.18220926942396096,1.0131592477130094,0.16705230919235273
102,"Hodogaya Ward,Yokohama City",1.0719170404500444,0.18034980279902452,1.0152427844029017,0.17234705574741757,1.0207175749024917,0.16504128986383787
103,"Isogo Ward,Yokohama City",1.0639593326048877,0.2045670465455161,1.0505776132624867,0.20442398543478713,1.0598913999416861,0.1998782145228526
104,"Kanazawa Ward,Yokohama City",0.9342508359583546,0.13838251754592681,0.9552062445867174,0.13780779381850025,0.9860339953995332,0.13171873697880218
105,"Kohoku Ward,Yokohama City",1.105940352636595,0.16368407478943517,1.0707482715903354,0.17257575674925146,1.1077856837819076,0.16296652163729694
106,"Totsuka Ward,Yokohama City",1.0133637548286587,0.1840469195173074,1.016712123976816,0.1834911134133446,0.995829205206378,0.18419770946229966
107,"Konan Ward,Yokohama City",1.053771151056046,0.1956677816903562,1.0202551114981344,0.18479875216141312,1.0031538288404382,0.17718694348455397
108,"Asahi Ward,Yokohama City",1.0608551642829178,0.17169856091178257,1.0,0.17847103372195017,1.0,0.18753834526308336
109,"Midori Ward,Yokohama City",1.1601575347091344,0.20328289393382803,1.1103826456941182,0.20467602640233365,1.0542227691728887,0.19321572484096947
110,"Seya Ward,Yokohama City",0.8808965620647278,0.1617120384826233,0.8795650709989689,0.1715810545163079,0.9112221438156888,0.1854679657707578
111,"Sakae Ward,Yokohama City",1.046031181279324,0.15941453157322197,1.0,0.1619202551608971,1.0,0.14932582413803064
112,"Izumi Ward,Yokohama City",1.0008470061522392,0.08531507364144468,1.0,0.07419390813681125,1.0,0.09064126373280344
113,"Aoba Ward,Yokohama City",1.0016001537368013,0.15884782714772633,1.0,0.17576181601538696,1.0,0.15355148231010537
114,"Tsuzuki Ward,Yokohama City",1.0,0.11962046915374591,1.0,0.12652993526748016,1.01044631049345,0.11655449751542721
115,"Kawasaki Ward,Kawasaki City",1.0457556196072515,0.1367230842994314,1.0362910372205312,0.13646554777439904,1.0204273985088606,0.1296825057172875
116,"Saiwai Ward,Kawasaki City",1.1578072289233627,0.13276425402394457,1.1359179194546118,0.1389184157780305,1.107500244510418,0.11001735963539754
117,"Nakahara Ward,Kawasaki City",1.127641601637834,0.11686012286909157,1.099102175945483,0.12477535001157694,1.1344247423469997,0.11686679503295808
118,"Takatsu Ward,Kawasaki City",1.030145794463419,0.130165526043968,1.0,0.13969394832704587,1.046236103043773,0.1274981070260057
119,"Tama Ward,Kawasaki City",1.0640375919384064,0.15909246387142026,1.0556015821434215,0.16299049478998437,1.060036338699142,0.15950886051449897
120,"Miyamae Ward,Kawasaki City",1.0276076553315958,0.14393262938442059,1.0007986180691943,0.15192635887769027,1.0064635973439866,0.13996192649627978
121,"Asao Ward,Kawasaki City",1.0155593891602395,0.2295914752795726,1.0180174208381014,0.23383021132128406,1.0376179214910481,0.2175275443814496
122,"Midori Ward,Sagamihara City",1.230528652174758,0.171950373316778,1.1505582461834436,0.14499014096818044,1.0617056505867253,0.12262730613226325
123,"Chuo Ward,Sagamihara City",1.0632466133234886,0.1838996300030531,1.0683479923137718,0.17276790236164,1.0,0.16594891554670882
124,"Minami Ward,Sagamihara City",1.0945014315521866,0.17225095125252776,1.1132606615354248,0.16115341786346205,1.1097314273347663,0.1497977591823223
125,Yokosuka City,0.9972598763881784,0.19349386236199687,0.9840086988784501,0.18907632499973565,0.9738722242126667,0.18651407893632124
126,Hiratsuka City,1.0366940478282587,0.20577321479916097,1.021700270379247,0.21160556439611308,1.0303856614065703,0.24171923946483323
127,Kamakura City,1.0,0.12810922987687107,1.0,0.13391918833769212,1.0528804170993142,0.11167945881747356
128,Fujisawa City,1.009609366431803,0.13405463999539644,1.0070179645454043,0.13202709136566265,1.0368477758818948,0.14781105495248956
129,Odawara City,0.9122527103616169,0.20672562733138514,0.9251894826842927,0.18182207825539182,0.9336588243992788,0.16771513394953588
130,Chigasaki City,1.0,0.16843594180054686,1.0020846539783168,0.16030459052503293,0.9783701981203003,0.14008698347071888
131,Zushi City,1.2282299331103903,0.3978687851339256,1.1562538547166195,0.3867876825768147,1.2379136425661552,0.36389269316686984
132,Miura City,1.1463470354415053,0.16339722931820871,1.114349018673067,0.16186137917541454,1.0013426011602904,0.12918921593814817
133,Hadano City,1.0818697385446223,0.2560043409315589,1.0913789900699444,0.24563844926652004,1.0,0.2281790450695388
134,Atsugi City,1.0761022261360444,0.1693791814547458,1.0686199166467585,0.15141860087373188,1.0,0.1393313931355764
135,Yamato City,1.0468589776234176,0.2110174736222901,1.0351770144335686,0.2181356813627262,1.0404439693445549,0.21527564049210174
136,Isehara City,1.2868930327952572,0.15036838744545414,1.1912758106663948,0.16160293428211142,1.0175276499737893,0.15442832972881787
137,Ebina City,1.1165768046740394,0.2322124919540875,1.0972923307195959,0.23068469238697548,1.0533579044633934,0.22500605535851143
138,Zama City,1.1458935338362715,0.17009935629156636,1.0502900576684713,0.15175902616614748,1.087918563222034,0.18490612109280696
139,Minamiashigara City,0.9926494371711081,0.16070337045418448,0.9798521121077907,0.1766102528975818,1.0,0.13497688450255385
140,Ayase City,0.9935558544222537,0.3119076119283207,1.0997935743978675,0.29431825006959134,1.0,0.2477305245303886
141,"Hayama Town,Miura County",1.0,0.2458941601710691,1.0884861005789466,0.23815175496768448,1.0344846086903057,0.24138540165631767
142,"Samukawa Town,Koza County",0.7835462604085561,0.16947159287651678,0.791330084463734,0.17369198561409513,0.898337519553296,0.10901684221474527
143,"Oiso Town,Naka County",1.0,0.1912873259241096,1.0,0.22496939209895195,1.0,0.14153444091556674
144,"Ninomiya Town,Naka County",0.5542535528067116,0.3758978543620553,0.564864153298032,0.3553718036428361,0.9482168538310619,0.08598818395585409
145,"Kaisei Town,Ashigarakami County",1.0417413333651708,0.03147907244498122,1.0448492383375452,0.025216401066168254,1.0,0.06315151909105217
146,"Aikawa Town,Aiko County",1.145275819070092,0.004730404112762235,0.9766285846106695,0.011462914191942055,1.0,0.15851135920873702
147,"Oi Town,Ashigarakami County",1.0,0.060984031037220124,1.0,0.043780294528090874,1.0,0.09375804590408177
148,Mito City,1.019641229728013,0.16888957421736314,0.9465645680418817,0.12140664005989017,1.0,0.13576783061879386
149,Hitachi City,0.9440404528625063,0.02906318268634328,1.007037869422757,0.05377891605933885,0.9934923106149991,0.024449991006017042
150,Tsuchiura City,1.0425874774235049,0.2656140308076179,1.1245735105603831,0.28384638507470755,1.0729472640944258,0.29750969603207483
151,Koga City,0.989804941084869,0.27299872226068844,1.007988313392396,0.1548490738079185,0.9998625790302689,0.11841937584638401
152,Koga City,0.989804941084869,0.27299872226068844,1.000412353617502,0.057065833563116675,0.9998625790302689,0.11841937584638401
153,Ryugasaki City,0.6571767735801468,0.4536213790723484,0.7895672413595796,0.39742593353104,0.8711036167005897,0.22365450357945882
154,Toride City,1.0,0.22194264079751194,1.0,0.16139472293181029,0.9353404468813415,0.1755834793255789
155,Ushiku City,1.0562139620575168,0.19454424904050907,1.0476377528453087,0.2105503393428092,1.0334007915979047,0.16163147236440922
156,Tsukuba City,1.0480388729037462,0.1542794015160615,1.0,0.1162886505172686,1.0976723083867008,0.08705469662686992
157,Hitachinaka City,1.0,7.655293613043247,0.7404236381219904,7.513938890858335,0.740712279815776,6.282402195774468
158,Moriya City,0.9761275380398564,0.05189934725406265,0.971892812177679,0.07036565994989254,0.984718063222363,0.07541776008838906
159,Chikusei City,1.0,9999.0,1.0,9999.0,1.0,9999.0
160,Tsukubamirai City,0.8952084310194495,0.17219054301246345,0.9219205418435985,0.22220945076239074,1.010681244659897,0.11042368638103979
161,Utsunomiya City,1.0,0.3444570677202872,1.003878291750025,0.3786540526084718,0.9881545711518256,0.3939719575181229
162,Ashikaga City,1.0833187277836023,0.08007562268194784,1.150030800784568,0.21882854786654213,0.9901346881201253,0.17149963241142138
163,Tochigi City,0.9999999990880091,0.0009171645647602166,0.9999999938745653,0.0012733209431722774,0.9999999902320578,0.16742275741325896
164,Sano City,0.9999999954847589,0.05489879623429167,1.0,0.0028556736121715773,0.9999999985537269,0.0006233510183990002
165,Kanuma City,0.9999999920958047,0.11600520138744601,0.9999999920981818,0.10883004429431897,0.9999999929026862,0.13256833241172775
166,Oyama City,1.0,0.226161227878986,1.0,0.20390755849530567,0.9870994941074004,0.1872622399753463
167,Nasushiobara City,1.0,0.29969123216851284,1.0,0.22943764524239912,1.0,0.23632581650497408
168,Maebashi City,0.8914301441690354,0.22821447126739436,1.0,0.15592444372084674,1.0,0.20277831384956524
169,Takasaki City,1.0943511123345324,0.24396909563473435,1.107715237317745,0.21494818690964046,1.117883540828255,0.21902742219004628
170,Kiryu City,1.045116031754343,0.0033346759105966853,1.0,0.12534891587559194,1.0,0.19319095033426412
171,Isesaki City,1.0926757925284263,0.07258166631418501,1.0883101790652736,0.06433906817268606,1.0476674859134512,0.1967614038149746
172,Ota City,1.0962995245418996,0.1284185848409589,0.9685603704091426,0.15197290428637913,1.0741917270197334,0.2437638895936998
173,"Nishi Ward,Saitama City",0.9709298362231513,0.14038697265744168,0.9701251347956609,0.14630223885569754,1.0,0.1840587842642969
174,"Kita Ward,Saitama City",1.124054258882887,0.14819257164963767,1.1299853079499762,0.1541572759699855,1.0662865350497612,0.14526157287390332
175,"Omiya Ward,Saitama City",1.146102373471061,0.15453863313446325,1.1439975347845577,0.1573878268044651,1.129433404024028,0.1873510730479901
176,"Minuma Ward,Saitama City",1.0717451423683488,0.08403390194126577,1.0671277081615638,0.08903140398106793,0.9948659806031833,0.10861926783168861
177,"Chuo Ward,Saitama City",1.0,0.163063253284699,1.0,0.16263277491900088,1.0298241512553332,0.1438018326138226
178,"Sakura Ward,Saitama City",1.0,0.2070347972625638,1.0,0.19741117720733775,1.0,0.2075747127430817
179,"Urawa Ward,Saitama City",1.1221726891940016,0.1323033982534945,1.1327896641457653,0.13334721728818774,1.0790904884557981,0.11441649674709578
180,"Minami Ward,Saitama City",1.1123451910448834,0.15259551346684888,1.0883462786706135,0.15509923862212838,1.0925954191037268,0.15344663346834192
181,"Midori Ward,Saitama City",1.0,0.13620715006995182,1.0,0.13063301747121475,1.045937571722442,0.10155745872162902
182,"Iwatsuki Ward,Saitama City",1.0,0.42196656350769035,1.0,0.42579632637097453,1.1574277705841614,0.3934636328481535
183,Kawagoe City,1.1037231000125056,0.16280553634856512,1.1022255146847044,0.16201222660819223,1.0287555177726693,0.1612838899598931
184,Kumagaya City,1.0,0.27040062071071996,1.0783477428154715,0.27328200304217665,1.0380262550867936,0.16833196887394156
185,Kawaguchi City,1.09926144931353,0.16728948101120217,1.104330872232638,0.16973275914166877,1.1131561355011625,0.158256565816768
186,Gyoda City,1.0068642206668037,0.009395822928546897,1.0087691881527736,0.009187975581801051,0.9917816842336376,0.0801391239533364
187,Tokorozawa City,1.0,0.17296344060904945,1.0,0.16890131425326718,1.0042178991812742,0.14430171712286904
188,Hanno City,0.7927496174600672,0.1866798823181508,0.8646184542731911,0.16752559064288036,1.0,0.21534137779390147
189,Kazo City,1.0,0.26763042910054846,1.0,0.26924151801190627,0.9591568329421503,0.2768675339459387
190,Higashimatsuyama City,1.0031131721837252,0.18459911687032238,0.990187046433474,0.19037698666198483,1.0,0.2090353629705854
191,Kasukabe City,1.014236066452628,0.24580565249509476,1.0176209183473945,0.2479304823721225,0.9449596646438533,0.25864045499462346
192,Sayama City,1.0359554349342153,0.11711984948557046,0.9596550707824275,0.11031735490776648,0.9998315965855759,0.10565555802783456
193,Hanyu City,1.0,0.11292277221278822,1.0,0.1005383943340644,0.9999999879591319,3.183497513544313
194,Konosu City,1.0,0.17522159963009232,1.0,0.17990537226499642,1.0,0.14982419242458128
195,Fukaya City,1.0,0.12150925887974215,0.9793672703658647,0.1017757552632471,1.0,0.08014738829520601
196,Ageo City,1.0,0.21862539352446186,1.0121386708583393,0.21376368695682807,1.030074217059755,0.20221074893847038
197,Soka City,1.1529404995371848,0.19313477094774376,1.0699540919282269,0.21086966983633781,1.1113471187122006,0.18485161197386635
198,Koshigaya City,1.1136730977527816,0.169423707381553,1.0867907736118436,0.1731702906102455,1.065147706536828,0.14938563087969237
199,Warabi City,1.1004141378809562,0.1995089052544918,1.0874319235397718,0.20129491596044122,1.241036000556608,0.1811067633782531
200,Toda City,1.0116989111070782,0.127485017879402,1.0151607597570038,0.12191492507480513,1.0070537660287069,0.11793326212138619
201,Iruma City,1.0,0.22828976911009358,1.0,0.2293312776370753,1.0,0.22827519336217764
202,Asaka City,1.0655296501457059,0.13741616972233173,1.071807056108791,0.13172551656421055,1.0759950837274177,0.10146664020535641
203,Shiki City,1.0481387667011215,0.15680482921649944,1.051354929544608,0.13617397401407888,1.0,0.16259963109416187
204,Wako City,1.0120122856908278,0.19941696118555474,1.035264213148037,0.19073158142400176,1.129192872595893,0.13209606853646513
205,Niiza City,1.0,0.22200941122761658,1.0,0.22325393303674146,1.0,0.20243953012933777
206,Okegawa City,1.0553754305973948,0.19054918989766076,1.0701820686589303,0.16829229939889842,1.0044921165190197,0.12279673075903458
207,Kuki City,1.0,0.1507081893185127,1.0,0.15841742359627323,1.0,0.10905810902485208
208,Kitamoto City,1.0,0.25290828280358624,1.0,0.25006147049895816,1.004961643243451,0.2370280435201471
209,Yashio City,1.1459565243669576,0.2273350988319983,1.1548260082050072,0.23005213153646056,1.0493721183147104,0.17432297386455436
210,Fujimi City,1.0011530245185878,0.15212108195071208,0.9979969322449586,0.16180411688816013,1.00221622339626,0.1881383260332562
211,Misato City,1.092228829312901,0.16761597437279366,1.0837693910928698,0.16488226284574947,1.0790808872950277,0.1413727644062628
212,Hasuda City,0.9864373359603108,0.0046966168958606285,0.9765618597655723,0.11409123727077916,1.0201607882378019,0.20958658954787693
213,Sakado City,0.9755514986940885,0.26613842511064867,0.9991574534463564,0.2731424177733812,1.0445869776285566,0.3027857863597092
214,Satte City,1.0,0.15214909795319637,1.0,0.16852761445746242,1.0,0.1754146534348629
215,Tsurugashima City,1.237808713226476,0.12385111041279853,1.2095270349853682,0.13175029424883578,1.1300056063750905,0.13731050929399718
216,Hidaka City,1.0,9999.0,1.0,9999.0,1.0,9999.0
217,Yoshikawa City,0.9419114041504603,0.0669703581752907,0.954256003886594,0.08206328427147944,0.9611093974011653,0.05618095554963808
218,Fujimino City,1.0,0.14341391416290813,1.0,0.14654427668245917,1.0,0.13867620458993046
219,Shiraoka City,1.053389057810101,0.15804756064169226,1.0455944264931,0.16791549964619104,1.0430438060234448,0.18208660113431663
220,"Ina Town,Kitaadachi County",1.0,0.06030121852311117,1.0,0.06305108469412973,0.9839670464403988,0.0580848367678213
221,"Miyoshi Town,Iruma County",1.0550258768228626,0.1318369046106712,1.083828818646324,0.1367575886535667,1.0612129396540408,0.13749602099716124
222,"Moroyama Town,Iruma County",0.8626845184254797,1.169232848335663,0.8702928816597211,1.098385718461366,1.0009831380429277,0.1312703391037495
223,"Ogose Town,Iruma County",0.9999999930194373,0.3934786224242852,0.9999999934678477,0.3939733691542724,1.009437830880288,0.3341043635818834
224,"Miyashiro Town,Minamisaitama County",1.0,9999.0,1.0,9999.0,1.0,9999.0
225,"Sugito Town,Kitakatsushika County",0.7432999780581139,0.24611687716138855,0.7418138343582575,0.24865865895524167,0.9473227221514,0.10881415716777912
226,"Chuo Ward,Chiba City",1.0211762552852437,0.19249602045608336,1.0139455041261525,0.18400178725284333,1.0725631648998768,0.1793104457501863
227,"Hanamigawa Ward,Chiba City",1.0,0.18625262396731143,1.0,0.18738549274261396,1.0,0.17698171728175613
228,"Inage Ward,Chiba City",1.096430200720005,0.19294024727675652,1.0819324699526391,0.19438296108585568,1.082168214319706,0.1660549625780249
229,"Wakaba Ward,Chiba City",1.0,0.22495261613821727,1.0,0.2197808594344401,1.0,0.22013249715568123
230,"Midori Ward,Chiba City",1.0,0.22740613280470948,1.0,0.22770234559838548,1.0,0.1851935765053156
231,"Mihama Ward,Chiba City",1.0,0.173960355283136,0.974180078990971,0.17256086773841522,1.0116608899864632,0.16654309288095032
232,Ichikawa City,1.0,0.23466752146034406,1.0651117425974252,0.2298215660432308,1.0688493606379452,0.19629504474846174
233,Funabashi City,1.1896026531657986,0.20818266474204952,1.182355498187818,0.20270996765187077,1.1850243459627525,0.2077467935861149
234,Kisarazu City,0.9903721251532127,0.14704470881568044,0.9714349862981304,0.15596144437750614,1.0,0.4277513582100507
235,Matsudo City,1.0632810684996437,0.13789218521225835,1.0502947641283293,0.13412300295660842,1.043661600716007,0.1417070266751098
236,Noda City,0.98243900918004,0.2647251984776035,0.9931924996489078,0.2737112749922702,0.9718582699946084,0.26168223592483897
237,Narita City,1.1878026248663072,0.16738807470338848,1.188913700599561,0.14378474208184108,1.1287159490350889,0.13091486510554923
238,Sakura City,0.9660116720230569,0.19708308007318898,1.0,0.19848797123380815,0.982656911620382,0.2011763767609527
239,Narashino City,1.0526038616971152,0.1341862854284115,1.0501304122232382,0.1336449398459224,1.04631124028172,0.12953200757456235
240,Kashiwa City,1.006662360475552,0.21989085371745157,1.0008922315450046,0.2157362378232416,1.0,0.19429254888412542
241,Ichihara City,0.9910947269623926,0.12899930373141819,0.997015011244447,0.1283191751284694,0.9355322345954287,0.10008526926255545
242,Nagareyama City,1.0472312537971211,0.15856861759994417,1.0305946368401475,0.15457721755825832,1.0052717628317798,0.16975361720372753
243,Yachiyo City,0.9872947936968787,0.2271887377180467,1.0,0.22460538004661748,0.9408497822378341,0.23191045086548132
244,Abiko City,1.0,0.17131091459856224,1.0,0.17761808054212713,1.0,0.16933533219194496
245,Kamagaya City,0.9688488891452999,0.237349785283116,0.9751819448646487,0.23791486083887303,1.0358064961155606,0.19978310415434467
246,Kimitsu City,0.9666325211650899,0.028654976261664446,0.9396731913283694,0.018138361881599927,0.9915814331840553,0.10454261059211556
247,Futtsu City,1.0,0.03840993026255471,1.0,0.04877509133161491,1.0,0.01568138531269614
248,Urayasu City,1.0333241356973866,0.12869871268409275,1.0,0.13141686508302142,1.0386224064579617,0.08749634317296676
249,Yotsukaido City,1.0,0.09825232175154777,1.0,0.09580549403388398,1.0,0.12182063074858705
250,Sodegaura City,0.992509247000794,0.2153149097778077,0.9888673479330167,0.210922262606638,0.9763823255400198,0.08273615501209469
251,Inzai City,1.0,0.1661640360669095,1.0,0.16497520810085192,1.0,0.1621628297001046
252,Shiroi City,0.9974048268635661,0.16092988209641546,0.992469867587508,0.16027743734750902,0.9914461021931675,0.15508715302499676
253,Tomisato City,0.978030603203204,0.8559308819053996,0.967102647263844,0.857382769876252,1.0,0.7913387198593612
254,"Shisui Town,Inba County",1.0297442917532111,0.16669204191724893,1.032207939632125,0.1776493264044522,1.0211105395924378,0.22189592080447396
255,"Higashi Ward,Niigata City",1.3439255656778186,0.05927552083021615,1.4502718579305869,0.24468254237794593,1.5157825791724315,0.263968625696633
256,"Chuo Ward,Niigata City",1.1430910477986964,0.18872509144792102,1.09252818229899,0.18624691258955117,1.0970595034840225,0.1864358739619856
257,"Konan Ward,Niigata City",1.0,0.360985102534773,1.0,0.2866445809117197,1.0,0.13125852121500062
258,"Akiha Ward,Niigata City",0.9999999990799707,0.020469566449675757,0.9999999944137256,0.013213993765106433,0.999999997990905,0.0027105815602446875
259,"Nishi Ward,Niigata City",1.2301733604351126,0.009026653916236464,1.3123636487603108,0.007564265529616255,1.2226638956878817,0.021444905353334254
260,Nagaoka City,1.1394285591917288,0.1898569247767555,1.1178578165086641,0.16515991842260141,1.0734506061517917,0.1740758142586432
261,Sanjo City,0.9999999973356376,0.05029342673914915,0.9999999995785611,0.05749008791122468,0.9999999994152946,0.015415009351373722
262,Shibata City,0.7552158366019486,0.2875493706163166,0.7501371268375796,0.2871558076756249,0.8111746099390134,0.2885137357577371
263,Joetsu City,1.004492557131879,0.07522577998196212,0.967811092455757,0.05142283296835976,0.9481917052305623,0.06491554009559261
264,"Nishikan Ward,Niigata City",1.0,9999.0,1.0,9999.0,1.0,9999.0
265,Toyama City,1.0163157572154864,0.158064968271696,1.0194835803754398,0.1690862288012208,0.997922192694624,0.14029117562300814
266,Takaoka City,0.9157520706487275,0.2939002201938033,0.952814595342379,0.2987202177536263,0.9960397218575863,0.3213610907458095
267,Kanazawa City,1.112276517929899,0.15419551597946923,1.1103226793725078,0.14300047804961094,1.1229107090717207,0.15346551942105177
268,Komatsu City,1.182055147646075,0.1362042308151771,1.0927861821183318,0.06121388226597464,1.085851209513347,0.3372727534128065
269,Hakusan City,0.9999999917558795,0.10048039630185919,0.9831176953612956,0.08730581967249834,1.0,0.2235964399498844
270,Fukui City,1.1103777160819928,0.22871297571921542,1.0,0.13232984381122698,1.0,0.13232984381122698
271,Kofu City,1.0,0.30793687423807115,1.0,0.2544095258415853,1.0,0.2544095258415853
272,Nagano City,1.1698098572765103,0.1755405990952109,1.1325650683064339,0.19223780023420375,1.1391660453340198,0.18754194226671425
273,Matsumoto City,1.003925387452191,0.15576104435057495,1.0181849922776356,0.16655645250598175,1.0,0.17037917482649761
274,Ueda City,1.154726326583431,0.30931291445426684,1.0051868085874858,0.34983011573371636,0.99845989985647,0.557354735542839
275,Iida City,1.0,0.1774067728826919,1.0,0.13040890251755957,1.0,0.10664352684754255
276,Saku City,1.0,0.2965128541806292,1.0,0.32777033891553825,0.9547540274903934,0.5182276530966745
277,Gifu City,1.0046979703832728,0.18111697002335658,1.00037703625367,0.15713568523004676,1.0059531738483538,0.15199385280034372
278,Ogaki City,1.0,0.11438462924780965,1.0,0.02846009103581479,1.0015056985495896,0.07495530151013809
279,Tajimi City,1.0645489964621297,0.00019438860005477373,1.0315728793626304,0.1558921672637604,1.0031747836688618,0.00036736303332518994
280,Kakamigahara City,0.9811353583338004,0.1217738243234674,0.9606679859559119,0.1881374824161222,0.9320703046325994,0.1585923874984467
281,Takayama City,1.0,9999.0,1.0,9999.0,1.0,9999.0
282,Seki City,1.0,0.023685467532361983,1.0,0.012179623580117106,1.0,0.09802459108897495
283,Mizunami City,1.0,9999.0,1.0,9999.0,1.0,9999.0
284,Minokamo City,1.0,9999.0,1.0,9999.0,1.0,9999.0
285,Toki City,1.0,9999.0,1.0,9999.0,1.0,9999.0
286,Kani City,1.0,9999.0,1.0,9999.0,1.0,9999.0
287,"Ginan Town,Hashima County",1.0,9999.0,1.0,9999.0,1.0,9999.0
288,"Aoi Ward,Shizuoka City",0.9936855155148501,0.12824373800255723,0.9996265468897781,0.158489699160512,1.0,0.13669769685657276
289,"Suruga Ward,Shizuoka City",1.0,0.13959575880705447,1.0,0.14457520970315335,0.951269075792628,0.11430006254107365
290,"Shimizu Ward,Shizuoka City",0.9231064160934263,0.10277973551540096,0.9302455242320028,0.11703114744767391,1.0,0.13932785232571027
291,"Naka Ward,Hamamatsu City",1.0,0.13565752565131958,1.0,0.13629302599089102,0.9880026154408894,0.13152395129390154
292,"Higashi Ward,Hamamatsu City",0.9479595888514828,0.12671542041578063,0.9495998441398634,0.16253227730082528,1.0166935805300095,0.127496562078108
293,"Nishi Ward,Hamamatsu City",1.0,0.22833973232103127,1.0,0.2562144749841993,0.9078332445317064,0.2752171936961183
294,"Minami Ward,Hamamatsu City",0.5741212925705171,0.5052052989263347,0.5747591712323086,0.5145541032308801,0.8496426324155981,0.5719135356474154
295,"Kita Ward,Hamamatsu City",1.294908749321762,0.5230003154218107,1.2325149187498987,0.5092271674121189,0.9572573706959038,0.3601713657047604
296,"Hamakita Ward,Hamamatsu City",1.1756254728763371,0.09746747502919995,1.1640802602440832,0.13106629582834903,1.0579205468380728,0.05471486795239374
297,Numazu City,1.0,0.28121065621093766,0.9775783209739501,0.27809665590075905,0.9982830235301966,0.2840414803999465
298,Mishima City,1.0,0.3270253634555184,1.0,0.32710370674990974,1.0,0.39302673213264794
299,Fujinomiya City,0.8859860677905382,0.4759499893460778,0.8617827074738513,0.24945985525198586,0.9982889538239594,1.1410413152114578
300,Shimada City,1.0,9999.0,1.0,9999.0,1.0,9999.0
301,Fuji City,1.0,0.2860874945969995,1.0,0.3114271771104075,1.0,0.41622231407347315
302,Iwata City,0.9211381418538445,0.1524178218779968,0.8658382358091802,0.16888234616780903,0.7962138105219136,0.2945243303889115
303,Yaizu City,0.8184795686839339,0.2841450471849356,0.9110100183520823,0.3346570390018633,0.9399440180728426,0.34334419831234975
304,Kakegawa City,0.53467389309651,1.109116911055803,0.5459332762662337,0.8911155423299837,1.0,0.2449160260621376
305,Fujieda City,0.9999999993760197,0.0004971451406966659,1.0,0.01741313544472984,1.0,0.28404834968149917
306,"Chikusa Ward,Nagoya City",1.0767206619363403,0.14659792805538702,1.0792437541497442,0.1480817000153521,1.0837304346855394,0.14641977862847982
307,"Higashi Ward,Nagoya City",1.0864569185888722,0.15084207181853465,1.124356441864839,0.14776050972365276,1.0935037415057223,0.15026028056496238
308,"Kita Ward,Nagoya City",1.0,0.21297060602244236,1.0197224121808357,0.20296848781425714,1.04410117140954,0.20381624636991738
309,"Nishi Ward,Nagoya City",1.0736282847460135,0.15108924093839846,1.077540057600046,0.14705199852195722,1.1091852377097753,0.132641611131174
310,"Nakamura Ward,Nagoya City",1.1971024316399241,0.10895968385614853,1.200823780425693,0.14943719313632212,1.2119585802913102,0.16052091244700567
311,"Naka Ward,Nagoya City",1.073125569050538,0.20677320032338015,1.1033327934777533,0.19823892846105337,1.1619870085839161,0.19900119929340318
312,"Showa Ward,Nagoya City",1.0,0.17030031219324743,1.0,0.16076716104665065,1.0171240250041502,0.14804420938479415
313,"Mizuho Ward,Nagoya City",1.0448964604480404,0.20285153998659938,1.0508252417653157,0.19744268879861254,1.103339060404403,0.224935559510062
314,"Atsuta Ward,Nagoya City",1.25342077422475,0.14314528745413946,1.2467486028112171,0.14156866638100626,1.2207348261814488,0.1476475891478539
315,"Nakagawa Ward,Nagoya City",1.0873453504252684,0.1790662727631044,1.0793009119942305,0.17646067116705183,1.0621227696840945,0.169136632253694
316,"Minato Ward,Nagoya City",1.0,0.25992968089876634,1.1058034732618736,0.24866014622551522,1.090649583312722,0.24037408825222056
317,"Minami Ward,Nagoya City",1.1110685034904597,0.1586403221667328,1.1430119418114086,0.15540452865320167,1.1197376577540787,0.1950644352616799
318,"Moriyama Ward,Nagoya City",1.1074102235026966,0.156049436501313,1.1355791956447638,0.15544458841644374,1.0412360945469536,0.17048607867792753
319,"Midori Ward,Nagoya City",1.094315425239566,0.11857109886961724,1.081002556755953,0.11505146930374613,1.0226332826512443,0.12054262393856266
320,"Meito Ward,Nagoya City",1.0253904297986678,0.1399321484731441,0.9932596960286796,0.14232579711535173,0.9790834572488795,0.15369497886342068
321,"Tenpaku Ward,Nagoya City",1.0631953068164557,0.1237450633974334,1.0686308290816504,0.1241426054960142,1.0870970495909669,0.11232146167030758
322,Toyohashi City,1.0068177703297967,0.11450066253658245,1.006754766362283,0.11653836579655506,1.0578112693175106,0.1131754940481243
323,Okazaki City,1.0366907063124844,0.13036288556168985,1.0255843981611996,0.12383985881365538,1.0304333208061904,0.10575405080910638
324,Ichinomiya City,1.0,0.15295277822269882,1.0,0.14574284819403355,1.0,0.17072891788324934
325,Seto City,1.0,0.2454423821796216,1.0,0.2284520191797533,1.0,0.2071657456653496
326,Handa City,1.0,0.2624805876939267,1.0,0.26346259286811674,1.0098737900882602,0.2109521163932667
327,Kasugai City,1.0912925228706425,0.2522591750651832,1.0810299676279196,0.23115682113655012,1.1281932959309735,0.2774144024807411
328,Toyokawa City,0.9999999978592535,0.1650377405465083,0.9999999995374694,0.16946489445381824,0.9999999997373549,0.22938702745270936
329,Tsushima City,1.0,0.0666270349834176,1.0,0.06778439458537602,1.0,0.11137338879214392
330,Hekinan City,1.0340629270058088,0.007676418154903532,1.0164029851396938,0.0012985348466699438,1.2108489088235075,0.21574543513769767
331,Kariya City,1.0437810624368198,0.1905750743724934,1.0110776992014,0.1788608563820583,1.0504473751128973,0.1963321028528182
332,Toyota City,1.040395585988471,0.19875885035230628,1.0602839181060824,0.19481820159747726,1.0,0.19158064260963187
333,Anjo City,1.213562080954137,0.23088757045390562,1.211731775589838,0.2321543640131133,1.1578413818687505,0.2147901881067344
334,Nishio City,1.0484314864008213,0.0017637304298762015,1.0136961628241403,0.004611363199882596,1.0226842525235214,0.0032827855173233663
335,Inuyama City,0.998947546322936,0.11759333342907784,0.9893581540625186,0.12526786677069718,1.0,0.19423999202783077
336,Tokoname City,0.8165806464089945,0.12073310798572534,0.8546789032272205,0.12284825770894751,1.005757051174196,0.2371154962707569
337,Konan City,0.9632497863097904,0.3329077301503116,0.9587753298873558,0.32678612641394766,1.1807751883067459,0.31386758611062865
338,Komaki City,1.1434028142934534,0.2642388957480041,1.1556664609329956,0.25275022710337247,0.9981350127936157,0.25129877906494025
339,Inazawa City,1.0475784396573515,0.11868794908896606,1.035875851691341,0.11400685397144307,1.0528436743790517,0.13795055629249947
340,Tokai City,1.0200483927282207,0.08623984252650715,1.0251920846573968,0.09111444414176462,1.0201119677227348,0.09492284439738488
341,Obu City,1.1461105209688551,0.11649019701699072,1.1495129408476168,0.12579875763767473,1.1744938664993918,0.17059738372371575
342,Chita City,1.0,0.04797767076040721,1.0,0.047296877297404276,1.2937966060225234,0.13852457062011533
343,Chiryu City,1.0,0.20404922368166953,1.0,0.2056185780494947,1.0,0.07617833949408548
344,Owariasahi City,1.0268724638032067,0.1284817260868803,1.0113677249498696,0.11931298473374348,0.989586437495571,0.12930699822295796
345,Takahama City,1.0,0.21029907312619064,1.0,0.1453677384134448,1.0,0.1344756359265021
346,Iwakura City,1.0,0.1959962691699667,1.075917109779517,0.18372950769960514,1.0723885048627042,0.18110233727571268
347,Toyoake City,0.9925099398001429,0.059023685648745154,1.0,0.07245663190631929,1.0,0.0905992869501511
348,Nisshin City,1.0342282208772684,0.060231527043754875,1.030604953839915,0.057462905399373716,1.0,0.056019270046153674
349,Aisai City,1.1137689929942156,0.10946178007494725,1.1127017149288767,0.09635176822562243,1.0906807835481664,0.09725804843080739
350,Kiyosu City,1.0,0.27318861941430084,1.0,0.27334146321418323,1.0,0.29132768079034693
351,Kitanagoya City,1.0687010567071846,0.04785648353788111,1.0358474283846912,0.04070400712629897,1.0,0.07854583802175559
352,Yatomi City,0.9999999986264251,0.165575522242754,0.9999999982149983,0.17209792596714804,1.0,0.1394181158977352
353,Miyoshi City,1.1384834489765236,0.10292055233686825,1.1524210429055366,0.1055369141844758,1.06823729583359,0.11640862630894448
354,Ama City,1.0,0.4939304019380404,1.0,0.4803155037492981,1.5553501836515318,0.41527407292063245
355,Nagakute City,1.027054820775053,0.0688551472797092,1.030511352882892,0.07165710125603664,1.0376460412979889,0.04580463351155426
356,"Togo Town,Aichi County",1.1977573462078293,0.040454995511069444,1.0834391913971544,0.03452034791771518,1.0,0.15969592621206724
357,"Toyoyama Town,Nishikasugai County",1.0,0.0030530162464369424,1.0,0.008129596305761959,1.0,0.014172755781080274
358,"Fuso Town,Niwa County",1.0,0.374367456273058,1.0,0.35940975009255416,1.0,0.4017941303836518
359,"Oharu Town,Ama County",1.169048973455113,0.348573252600862,1.0838472889630644,0.3459270420695515,1.1337924329313431,0.3421702912395499
360,"Kanie Town,Ama County",0.9202568983387506,0.18965802450286393,1.0,0.1510186701357143,0.9129729499793695,0.13388422010007098
361,"Agui Town,Chita County",0.7807263109590207,0.0010609589172403567,0.7481706614873525,0.002247762829737904,0.9380005009855671,0.007356667068186291
362,"Higashiura Town,Chita County",1.2256908467372785,0.1019895247356362,1.2317245188128363,0.10184698624423862,1.32091959084307,0.11553806521906354
363,"Minamichita Town,Chita County",1.0774879837169362,0.2974459913502558,1.0806660430012398,0.30958972787363914,0.951903377837629,0.359035189836318
364,"Mihama Town,Chita County",1.0,0.12911809853594833,1.0,0.1462086876276535,1.0,0.03156645666070676
365,"Taketoyo Town,Chita County",0.9999999975815902,0.00864942634067827,0.9999999995519958,0.0007006583252788661,0.9999999990225567,0.02481110362323411
366,"Kota Town,Nukata County",1.0,0.0274104692642981,1.0,0.03210144143635798,1.0,0.5181910594379902
367,"Oguchi Town,Niwa County",1.0,9999.0,1.0,9999.0,1.0,9999.0
368,Tsu City,1.0820016720595835,0.07780502599198935,1.0295255779158066,0.09339869832426308,1.0584568992109056,0.06256576964305272
369,Yokkaichi City,1.1444187288508216,0.18826303730772598,1.115848161770399,0.14758991248314027,1.0831235476549457,0.1621060993602741
370,Ise City,1.0730501267602723,0.025759781252070478,0.9999999985945399,0.0005621240318445853,0.999999999334387,0.5165545829437963
371,Matsusaka City,0.9961311186977997,0.17968072322131864,1.047416217841062,0.10965346268456642,1.0425840090775698,0.13497584504264704
372,Kuwana City,1.1192765091945958,0.19672749331660325,1.1422703832709304,0.23690073861724803,1.110376213124673,0.17717740911750518
373,Suzuka City,0.9761919881842801,0.0018388583948608477,0.9915792641702004,0.04998350246151068,0.9925369156803993,0.0007737187459779899
374,"Kawagoe Town,Mie County",0.9999999980278609,0.07051435142660883,0.9999999986620992,0.06669189321647002,0.99999999815319,0.2448444326643188
375,"Asahi Town,Mie County",1.0,9999.0,1.0,9999.0,1.0,9999.0
376,"Miyakojima Ward,Osaka City",1.1229819198585937,0.15360446045132856,1.1328315015076096,0.15271972932512068,1.1422529355880058,0.1562433769140413
377,"Fukushima Ward,Osaka City",1.1286427583771252,0.12272626046830604,1.16068224572219,0.12129597833930901,1.1210344056693289,0.1348426712288486
378,"Konohana Ward,Osaka City",1.0148104126307966,0.08555031182616567,1.037807558453741,0.08375304538726074,1.1528697069591756,0.03747958081558583
379,"Nishi Ward,Osaka City",1.079680141212793,0.15460857506816253,1.0982855226924246,0.15337449202315137,1.0813237043619375,0.15806898775893316
380,"Minato Ward,Osaka City",1.1483352215982123,0.12367796302425227,1.1511217170648518,0.12415914717573609,1.0674457331478102,0.14225052087503726
381,"Taisho Ward,Osaka City",1.008903452905725,0.10440324954415856,1.0141715141246073,0.10511929507574717,1.0663389880812217,0.1089710345166458
382,"Tennoji Ward,Osaka City",1.231515090743943,0.17529961324082016,1.252247476647224,0.17619603965451403,1.2252258067546506,0.17179795638519507
383,"Naniwa Ward,Osaka City",1.067040793800874,0.15924470669475868,1.0710263253420758,0.1554466571014116,1.07470393383602,0.16174443753484435
384,"Nishiyodogawa Ward,Osaka City",1.1278006299027266,0.12982270237138413,1.1592276165027076,0.1277896435180604,1.052739370916685,0.14075606967134452
385,"Higashiyodogawa Ward,Osaka City",1.0531385574171364,0.23639190908835403,1.0502657849885322,0.2336166666948525,1.0816299912602616,0.26921644148529433
386,"Higashinari Ward,Osaka City",1.0994756009715796,0.09714337473433908,1.1058061366594036,0.09738951944076768,1.0189321140271543,0.14487231154150332
387,"Ikuno Ward,Osaka City",1.0,0.15207513946789314,1.0,0.15168458475192628,1.0,0.18216155417669466
388,"Asahi Ward,Osaka City",1.118847092539955,0.21351028463254287,1.0930814075488207,0.21073648832960815,1.0811057124530947,0.20474608603508213
389,"Joto Ward,Osaka City",1.1508682653725522,0.13622424678776535,1.1726200139680913,0.13446270447932684,1.1395251767808419,0.14679603146400164
390,"Abeno Ward,Osaka City",1.1573620785363383,0.1961812724984645,1.1733917127091837,0.1846693455306445,1.241573187122763,0.17281532123193147
391,"Sumiyoshi Ward,Osaka City",1.0586209705129896,0.13119837195834072,1.0455621444965844,0.1329635494482098,1.0617014906427453,0.12115506781529227
392,"Higashisumiyoshi Ward,Osaka City",1.1308285213547196,0.14691063941374385,1.1347810415337674,0.1441924388600159,1.163261464115681,0.11619008952374917
393,"Nishinari Ward,Osaka City",1.2333312676057075,0.1996839297623968,1.2579036990488244,0.19987031449317072,1.2672970411496332,0.26778133674428567
394,"Yodogawa Ward,Osaka City",1.20834869425972,0.1697986752331575,1.2127130861116255,0.1694773132354682,1.0968826381357175,0.18879693767686553
395,"Tsurumi Ward,Osaka City",1.0900150866575529,0.17060209947083904,1.1074330244208288,0.164481413023717,1.120780089808539,0.13391169275077902
396,"Suminoe Ward,Osaka City",1.095700582473623,0.14312686039773373,1.100321500791732,0.14529229573051694,1.1231809238873691,0.1693118222894574
397,"Hirano Ward,Osaka City",1.1265833280215907,0.13423978774469456,1.128219835006664,0.13289708435891331,1.097883955318447,0.14486777355868596
398,"Kita Ward,Osaka City",1.193102637856049,0.1552580998944609,1.1943952695135427,0.15419862358559328,1.216025784423387,0.15766744079425588
399,"Chuo Ward,Osaka City",1.19364847916998,0.17109766051906794,1.1983627562217765,0.17032265301769214,1.1788514091799231,0.17481702150118736
400,"Sakai Ward,Sakai City",1.093391899262579,0.21108032435016785,1.090051596328074,0.2128992390829682,1.0479803561200352,0.23688674419310823
401,"Naka Ward,Sakai City",1.2743307464920792,0.0943997959436965,1.2722847880465318,0.09377643614820173,1.2840697526761315,0.13839485289979864
402,"Higashi Ward,Sakai City",1.0078062408578368,0.14160963707750596,1.0082808256879596,0.14254685698228348,1.0009066393550918,0.15451859818070016
403,"Nishi Ward,Sakai City",1.0622194803912544,0.14054693659071443,1.0357014324753822,0.13947658413465433,1.0889400012136994,0.13131840637177328
404,"Minami Ward,Sakai City",0.9342374421421249,0.21115876989567306,0.937158714759987,0.21080659339377103,1.0,0.18942544578841894
405,"Kita Ward,Sakai City",1.119453303890341,0.13467137270506643,1.1006218071526779,0.1322453136708475,1.1421064769142637,0.12378814695273858
406,Kishiwada City,1.0111304649996058,0.12973724270766304,1.0036677645099565,0.1327515739126993,1.0,0.1078611293135201
407,Toyonaka City,1.0291797201996813,0.1521364601415216,1.0441766163092523,0.1522830023610209,1.0886561012164129,0.14803853454933044
408,Ikeda City,1.0254643577492284,0.10787692814925279,1.036570091045724,0.10667101311998575,1.0,0.11105916123697308
409,Suita City,1.1261483493630933,0.1361215580975773,1.1354719020054145,0.1361089273415916,1.122871939830336,0.12740646652386625
410,Izumiotsu City,1.0783055375064394,0.057119358380064496,1.0745526496324966,0.05711182696497534,1.1058199158731306,0.05241741277272422
411,Takatsuki City,1.091843919723626,0.12413685875629661,1.0895115504731927,0.12235191659593496,1.098622201659552,0.11842584949467153
412,Kaizuka City,1.0,0.2508913283820645,1.0,0.254444267725188,0.9574749878903311,0.19110769282631004
413,Moriguchi City,1.138514606729736,0.16919926355235348,1.1357496560176263,0.1689357482113039,1.1820434921569956,0.1689479195103268
414,Hirakata City,1.0690687156661558,0.16632754649700848,1.0681305871550688,0.1671816780797106,1.0465230689831548,0.16071198607830742
415,Ibaraki City,1.0427574248126008,0.13058305933257766,1.0443107388392394,0.1307039836101145,1.06576486863355,0.12472477094380705
416,Yao City,1.1061190202821969,0.12149717972332959,1.1085513330174293,0.1176186071706607,1.0341557046025622,0.11510028377247182
417,Izumisano City,1.030122317477197,0.18678343243702755,1.038363704270409,0.1876259403510144,1.0675964888662586,0.16971658206229212
418,Tondabayashi City,1.122210009669025,0.20397793724964444,1.0,0.1935715200107534,1.0,0.23582162157078443
419,Neyagawa City,1.094868242762576,0.09627323283556694,1.0996159054951198,0.09178730426089146,1.0573831534610545,0.08349220169410218
420,Kawachinagano City,1.0,0.28273757733049426,1.0,0.28519835644793134,0.8838770849434987,0.34070598195869106
421,Matsubara City,1.1235720035516559,0.14272737685220388,1.114678655607826,0.1447457888653063,1.1712824345681807,0.15186819455561043
422,Daito City,1.0384881334447573,0.14885582791535523,1.1367766443214615,0.14564360271366394,1.052282958221425,0.1410177209934981
423,Izumi City,0.9415827563459103,0.28855364728168315,0.9400529139543369,0.2893720511283533,1.0,0.30271025017002157
424,Minoo City,1.0033501762951307,0.16450360611708983,1.0099525751914393,0.16257149773089277,1.0,0.17176345471423346
425,Kashiwara City,1.0624282596761954,0.13176931058101024,1.0321604686484436,0.15373495465630033,1.0,0.17739228027872736
426,Habikino City,1.0834688368452317,0.251541330009564,1.0815450398443665,0.2630028689133266,1.0905842494383966,0.20768514183300946
427,Kadoma City,1.0513737986593041,0.15011572387990876,1.1264598983567489,0.14085853128798903,1.0915112155479179,0.15247803627166262
428,Settsu City,1.1119813358322563,0.214477004973266,1.1112589249743827,0.21460966401074216,1.121852994315811,0.13970550379563018
429,Takaishi City,1.0782576877656807,0.15167035104329454,1.0771948069049404,0.15367792856346243,1.023559149476152,0.16371913136078714
430,Fujiidera City,1.0,0.07590660311285666,1.0,0.07302281180900012,1.0,0.021910270429950397
431,Higashiosaka City,1.0857349401222924,0.18686297000312313,1.0813349959239162,0.1871702110436795,1.0627700973717564,0.17525356374475798
432,Sennan City,1.0059544299196022,0.11244467973623723,1.010260601252599,0.11610401832645141,1.0,0.16810204656349031
433,Shijonawate City,0.978899895313954,0.0455098140990691,0.9784722704623778,0.041456065723272394,1.0471153961486788,0.07715687098601189
434,Katano City,1.1822259301346492,0.23327331702068713,1.1733896913354147,0.23062210698078528,1.10356678764697,0.20727474965955572
435,Osakasayama City,1.0233547015313764,0.17695016570171881,1.0217432061081508,0.1784876108394862,0.9885656454924616,0.16107389985283715
436,Hannan City,0.859142069552905,0.09078530129005644,0.8921795621223362,0.09257471905250204,0.9999999978555079,0.26180077829659576
437,"Shimamoto Town,Mishima County",1.0075575543882054,0.1234474890532432,1.0144417939840682,0.12319778066747075,1.0,0.10459472106624804
438,"Toyono Town,Toyono County",0.6857964953608562,0.1247451304060447,0.6854249350100682,0.12370801258865821,0.8504335398719386,0.1490296966223673
439,"Tadaoka Town,Senboku County",0.7593828388439934,0.42991420505623207,0.7627222742344384,0.4390200173904879,0.9593140194459207,0.4310937747719919
440,"Kumatori Town,Sennan County",1.005706542844547,0.0062829816306713936,1.0038912228498564,0.005709557529164475,0.937522259629032,0.0010417197449458758
441,"Misaki Town,Sennan County",0.9176178441031859,0.26044946203071834,0.918496429230631,0.2608198155278025,1.0,0.3052237498906818
442,Nara City,1.001846376545979,0.17987521728097214,0.9998050641751128,0.17475059127714343,0.9999695447882555,0.177423141961478
443,Yamatotakada City,1.1570723659339175,0.235386473200614,1.1605208737767545,0.22100658773015744,1.0415038361203286,0.20072257431937812
444,Yamatokoriyama City,1.0974080769236827,0.11316836994576218,0.9642671738958182,0.11625857481529825,1.0715727609855625,0.14894693847920182
445,Tenri City,1.0155338783140828,0.2645213670897796,0.9879017286836856,0.2483860498310659,1.0,0.3119861094946471
446,Kashihara City,1.03526715508424,0.2776243959970455,1.0535324693996992,0.2571974627250826,1.0272356840135335,0.24922072832930658
447,Sakurai City,1.0036683438009104,0.1295702048398162,1.0564712573153632,0.13504530351228536,0.9291680512877138,0.09695363291829705
448,Ikoma City,1.0,0.17616747255865406,1.0017314101002284,0.16082445893334713,1.0,0.12469443058057093
449,Kashiba City,1.0,0.12147030922567698,1.0,0.10668438893092504,1.0,0.14537803864581672
450,Katsuragi City,0.9203839774682752,6.753584589020303e-05,0.924555521825493,0.00015599568000435849,1.0,0.0769097246625386
451,Uda City,1.019680445630874,0.0007510378165561706,1.0,0.010255880791117252,1.1393191220741314,0.13981632566327304
452,"Sango Town,Ikoma County",1.176412524370814,0.09892919095391343,1.3836503875995338,0.26473578777977375,1.0,0.0767820730313568
453,"Ikaruga Town,Ikoma County",1.0080000550792536,0.10302387348226089,1.0279985576348287,0.09815829893047655,1.1045120136648603,0.21762967145879009
454,"Tawaramoto Town,Shiki County",0.9999999920890826,0.0011872911691190664,0.9981641360559697,0.0006856037841122591,0.9992977892962011,0.16154803035478094
455,"Kanmaki Town,Kitakatsuragi County",0.9632757657680572,0.04284517780588915,0.9511508576902502,0.07169470267339448,0.9415048240015653,0.17226067633263917
456,"Oji Town,Kitakatsuragi County",1.0,0.17797062618997603,1.0,0.31601337108709315,1.3980583667377153,0.2859691074550252
457,"Koryo Town,Kitakatsuragi County",0.975939350830703,0.14127459447951587,0.9819676811670632,0.14641354324816683,0.9826554156210838,0.21133151915237258
458,"Kawai Town,Kitakatsuragi County",1.0032495252362041,0.0005539603727976793,0.9999999972575512,0.010854904742739398,0.9999999993049941,0.11105450576325682
459,"Yoshino Town,Yoshino County",1.0,9999.0,1.0,9999.0,1.0,9999.0
460,Wakayama City,1.082909361149926,0.2386405273945133,1.0260411604982025,0.17546517387979968,1.0260411604982025,0.17546517387979968
461,Otsu City,1.0555508700628666,0.1353650051588723,1.0772612403866784,0.13941426948391775,1.0598376347571166,0.14736583458242267
462,Hikone City,1.073222609028314,0.09250844018715511,1.0,0.09656105880786678,1.0,0.11015397190569351
463,Nagahama City,1.0911280519455773,0.0840275595535962,1.1696441081246187,0.10438621689334486,1.0501250362304437,0.08622564610364307
464,Kusatsu City,1.044797035180425,0.12109340819141162,1.0489402676618662,0.11753529889712347,1.025792605952079,0.1311686266416776
465,Higashiomi City,0.9999999987718547,0.00023512438831969426,0.9999999925673108,0.004482337965078992,1.0064877695052932,0.042591798524042095
466,"Kita Ward,Kyoto City",1.0786403319717572,0.20542116707804742,1.0101717649193815,0.19266950366302335,1.0117967557568615,0.17868059933212632
467,"Kamigyo Ward,Kyoto City",1.167569429577815,0.21080917116803022,1.1455416581912217,0.19495564961478207,1.05702400104488,0.1574580963969951
468,"Sakyo Ward,Kyoto City",1.215359992496679,0.17485062269423746,1.190742449312214,0.16869907034187429,1.192183447198539,0.15561199258510688
469,"Nakagyo Ward,Kyoto City",1.2387916866746893,0.16524846998801584,1.2473433685734865,0.15144145053710928,1.2714597830798893,0.14198254735437188
470,"Higashiyama Ward,Kyoto City",1.3597697800814312,0.28420817086186245,1.47045310458618,0.22118989274103093,1.3241440517120215,0.18497878345414104
471,"Shimogyo Ward,Kyoto City",1.07556777207525,0.1788149089134402,1.0608803806502356,0.17243577452052342,1.0726350325475549,0.18485425298302632
472,"Minami Ward,Kyoto City",1.2213226407998732,0.13983376085856855,1.2459566561784075,0.12512988198544078,1.2160539177574154,0.18902369506602112
473,"Ukyo Ward,Kyoto City",1.1466119112675637,0.17048450680605384,1.1498347717354422,0.1732762965503328,1.1696854982860343,0.1795351182472356
474,"Fushimi Ward,Kyoto City",1.1612588809273088,0.20308112351876934,1.163864655662854,0.20149159186847,1.149441771998093,0.20572896855896777
475,"Yamashina Ward,Kyoto City",1.1274778477860927,0.19197514273388336,1.1157049710627256,0.18620430121842374,1.109648645336751,0.19374243982453038
476,"Nishikyo Ward,Kyoto City",1.016034294855657,0.12170465867553724,1.0,0.12470222026222083,1.0431394244885297,0.11873757177123946
477,Uji City,1.1438636066422478,0.12980185201582103,1.174870008476517,0.1336898276087868,1.1796071430303936,0.11123835383122052
478,Kameoka City,1.1779704948405947,0.04769699344753063,1.0952339523336172,0.0020883903020179747,1.0359270393196502,0.001752588410235503
479,Joyo City,0.9999999984739575,0.0753102872535484,0.9999999992306647,0.08289508853027987,0.9915656903385371,0.03906432171096097
480,Muko City,1.029012803404982,0.1268423257895239,1.042378414332747,0.1375978766779151,1.0664837631802775,0.09088666868696764
481,Nagaokakyo City,1.3159919822402955,0.19347213629403057,1.2722025302591877,0.13539967773946412,1.213056698922086,0.087351807172783
482,Yawata City,1.0622942710688457,0.19456111873487286,1.059292134512835,0.19238445383349023,1.0097313594350428,0.17562764071414338
483,Kyotanabe City,1.0177942805501532,0.18078479945194106,1.0128295906371643,0.18198755242687234,1.0220849626469704,0.19769341261223036
484,Nantan City,1.0,0.05353227371332788,1.0,0.05595659856412792,0.9928002838620256,0.08638001811575514
485,Kizugawa City,1.1166551992310938,0.2041969911399492,1.1097893944617643,0.19496201501243304,1.072351226496891,0.2040132775944871
486,"Oyamazaki Town,Otokuni County",1.1404391332553407,0.14660929439553352,1.1220576379630836,0.15696661348234411,1.024269869248488,0.16644370768725106
487,"Kumiyama Town,Kuse County",1.0,0.1115823900632148,1.0,0.12014972385575617,1.0,0.14433149410434604
488,"Ide Town,Tsuzuki County",0.8868397136846814,0.18336486697606708,0.8724606587932854,0.18479511566336787,0.8933698733239104,0.2628013227172436
489,"Seika Town,Soraku County",1.0,0.10986675465674897,1.0,0.11033817109926929,0.8975985885980827,0.12932958821778903
490,"Higashinada Ward,Kobe City",1.1135091461972648,0.19669717142264656,1.1464578455571013,0.1976675740961627,1.0785950680870562,0.193085647351811
491,"Nada Ward,Kobe City",1.0586569802179202,0.13913018545905065,1.0688753699269957,0.13772226209352273,1.062305431314779,0.12781039972613867
492,"Hyogo Ward,Kobe City",1.0535147873930804,0.23072689753197606,1.0909417653725884,0.2223759929233275,1.0,0.2317896100355545
493,"Nagata Ward,Kobe City",1.0009975545003837,0.13321415782938403,1.0018662453621676,0.13474024555377379,1.0690264858877954,0.10801297074247178
494,"Suma Ward,Kobe City",1.0317214803614052,0.21755407221644138,1.0250034100794296,0.21942091136291758,1.0,0.22216632693651234
495,"Tarumi Ward,Kobe City",1.0,0.211709338987467,0.968809776421459,0.2134630092367269,0.9699239468016054,0.2318398348574422
496,"Kita Ward,Kobe City",0.9631937093690436,0.28066492421497446,0.9649774619383295,0.27892895630392195,0.9455299285969951,0.24950927179569155
497,"Chuo Ward,Kobe City",1.0739228917361663,0.16083250464367344,1.0870824049550774,0.15707394236845024,1.0710228982478414,0.1603312223810004
498,"Nishi Ward,Kobe City",1.02802677541841,0.1710697565752983,1.015615816968711,0.17382118462181625,1.0261996696874196,0.15571970015397724
499,Himeji City,1.0287177477894485,0.18912424048118406,1.0243325821006086,0.1960778329689895,1.0249262047475534,0.19583863552827108
500,Amagasaki City,1.0255282939420585,0.20389331071204048,1.0265790092456772,0.20569781461250575,1.0294462080774534,0.18510726977699307
501,Akashi City,1.1232979913994627,0.2035116125344998,1.1298430585388672,0.20346909345287245,1.0924209364858082,0.19731302833569941
502,Nishinomiya City,1.0733066203256727,0.14571240452533896,1.0707313609749083,0.14671778274785688,1.0683180671540686,0.15028471254993023
503,Ashiya City,1.0975638579804472,0.15218413144662712,1.0933318809530344,0.14292128585952557,1.0252033125977742,0.11840122172758781
504,Itami City,1.1136649668232315,0.12977421113262483,1.0992693974189787,0.13023331492870374,1.1154855250706763,0.13078583145867057
505,Kakogawa City,1.1731009513073318,0.21949685776253924,1.166763276770784,0.21730414423688207,1.0816246760184887,0.24191002989555646
506,Takarazuka City,1.0494243015993585,0.15403960542268466,1.0491320245391424,0.1525198444823021,1.0239952366047689,0.14983414881386795
507,Kawanishi City,1.0239906027531087,0.10588831620350486,1.075394380177889,0.11389966708340765,1.1443848944895885,0.10592302937991882
508,Sanda City,1.1288926588869386,0.11881367831997276,1.1400337498771906,0.11834765647764282,1.1321195083074693,0.16070077240071468
509,"Inagawa Town,Kawabe County",1.0058205280585915,0.043515227836080535,0.9990484136564522,0.055480078895841195,1.062446429757113,0.07362699155971393
510,Sumoto City,1.0,9999.0,1.0,9999.0,1.0,9999.0
511,Awaji City,1.0,9999.0,1.0,9999.0,1.0,9999.0
512,Tottori City,1.0,0.18562815368872487,1.0117540825680498,0.19780931382029324,1.039132147949301,0.16659238685066802
513,Yonago City,1.0420480907458936,0.08050494359115784,0.9423746981429424,0.09541792200955884,0.9601885321655483,0.09598853376533965
514,Matsue City,0.9973785160650223,0.17900728568174823,1.0000366909312501,0.21537094646947919,0.9878980331058684,0.21218092783613202
515,Izumo City,0.9999999929321565,0.07881449206797177,0.9999999936016271,0.02800493985939422,0.9999999905177362,0.248884682878594
516,"Kita Ward,Okayama City",1.0454865952616421,0.20683612676572727,1.0863771959665751,0.1916590766110026,1.08843225403962,0.19958293786721765
517,"Naka Ward,Okayama City",0.9993111358666947,0.13313929540097372,0.9722855776895167,0.13312487373843532,1.0016476776452905,0.1406494775971534
518,"Higashi Ward,Okayama City",1.0,0.20856508038329366,1.0,0.23775081226657163,0.9999987281350802,0.1760959095121704
519,"Minami Ward,Okayama City",1.026644371347334,0.16892662151298474,1.0178234481480253,0.15496689166779376,1.0194268464946792,0.1345627217196904
520,Kurashiki City,1.1285847629990349,0.13931272529852154,1.0739727513364088,0.14725030297616085,1.04940276375153,0.14671280481367605
521,Tsuyama City,0.9999999993250204,0.10721803239308778,0.9999999885093466,0.11009239367219022,0.9999999784196549,0.1264686941197812
522,"Naka Ward,Hiroshima City",1.1036348388003598,0.11320439909727623,1.1201893784202055,0.10984246858819256,1.1434209131948239,0.12317451933972551
523,"Higashi Ward,Hiroshima City",1.1444611815331478,0.16367268166077611,1.2739621557997731,0.17668213581758255,1.2697920601528636,0.1949864092856062
524,"Minami Ward,Hiroshima City",1.0238774165879287,0.13421427192749047,1.0318456701319185,0.13963319156522117,1.0211447726177743,0.1811766229642875
525,"Nishi Ward,Hiroshima City",1.0,0.18044926382984464,1.0,0.1933987217800348,1.0,0.2437325798015928
526,"Asaminami Ward,Hiroshima City",1.0713337421883409,0.14545146450862623,1.1246076745642561,0.14180728215545674,1.0505303400211583,0.16715203794952044
527,"Asakita Ward,Hiroshima City",1.0655705197047374,0.16434075045622465,1.0822114155460323,0.14588469993202388,1.0581663075307821,0.1305270133231036
528,"Aki Ward,Hiroshima City",1.0,0.12744368308376475,0.866150355110327,0.14993825536118247,1.0554607281959094,0.14070199295230795
529,"Saeki Ward,Hiroshima City",1.165003020143192,0.13385238068213806,1.1384395744234312,0.15271161194468433,1.146964266679125,0.2253746153510641
530,Kure City,1.0,0.10856130798170352,1.0046209950029434,0.0982424784311752,0.9914238273848224,0.09735178855821403
531,Mihara City,1.195354364302439,0.06571078112938884,1.0150737760200472,0.03859881946005865,1.0,0.1355650191498109
532,Onomichi City,1.0,0.6413701459306993,1.0,0.6474483978553506,0.8536154074781716,0.5545670408023059
533,Fukuyama City,1.2035917608225573,0.12199348472131004,1.1290860687971835,0.11745831370463682,1.1251765367750848,0.14549246925276763
534,Higashihiroshima City,1.0,0.11902772901299687,1.0,0.12827470073136343,1.0,0.14850095398515187
535,Hatsukaichi City,1.0888692285794026,0.24873914487779122,1.0809791201523804,0.252533656409457,1.1755717012600742,0.24210994526716179
536,"Fuchu Town,Aki County",1.0,9999.0,1.0,9999.0,1.0,9999.0
537,"Kaita Town,Aki County",1.0,9999.0,1.0,9999.0,1.0,9999.0
538,Shimonoseki City,0.959474133813671,0.2700674601757131,0.9792070075715622,0.2869976132608872,1.0,0.2731606025191999
539,Ube City,1.0,0.3487594963468728,1.0825410427130793,0.3674701409029253,1.0532996966656243,0.46258595986225576
540,Yamaguchi City,1.0,0.15419422918035836,1.0,0.13212884558682947,1.0165292248763882,0.17158040525419968
541,Hofu City,0.9999999984120435,0.04683522373236148,1.0092456875427154,0.01798472762018455,1.0190540188916402,0.0723114607638793
542,Iwakuni City,1.0148839522243733,0.18920645566830283,1.0312996098601248,0.18698803934981276,1.0001003296441193,0.16464277504757238
543,Shunan City,1.0,0.20759970327988933,1.0,0.20123856248022515,1.0,0.12960325276420043
544,Tokushima City,1.0,0.1705803014741906,1.0,0.1765213430266785,1.0,0.1765213430266785
545,Takamatsu City,1.0435017183454351,0.15350376435477578,1.0281695288161827,0.15271305934231036,1.0,0.15013847472603378
546,Marugame City,1.0,0.5697344390919995,1.0,0.6311116804324118,0.9785293937069842,0.6310882872131497
547,Matsuyama City,1.0053127088598701,0.19757422572897182,1.0,0.18796417161629944,1.0,0.1874992352789048
548,Imabari City,0.9322166396836212,0.04730790515829076,1.0,0.005323301596057485,0.9484882861301387,0.0016919768015579322
549,Niihama City,0.781932339817089,0.09906283592791339,0.8237231726661021,0.03843993672725655,0.8191542001288032,0.45733870349267197
550,Saijo City,1.0,0.10986335133527758,1.0,0.08351958780026486,1.0,0.05327996663904775
551,Kochi City,1.0,0.14954816980401325,1.0,0.178350730284594,1.0,0.178350730284594
552,"Moji Ward,Kitakyushu City",1.0093707712151363,0.2582457286766871,1.001501076663769,0.2626500278713453,1.1456145742485073,0.2889138623019302
553,"Wakamatsu Ward,Kitakyushu City",1.0,0.2536401760412945,1.0,0.23598509969320852,0.949063679601196,0.17490969163204842
554,"Tobata Ward,Kitakyushu City",1.0043377371521511,0.24034130542323148,1.0,0.2342088303429374,1.0070940860568494,0.16646389052865637
555,"Kokurakita Ward,Kitakyushu City",1.0925021194285294,0.18971526278100387,1.0983360662982244,0.1920398049205937,1.0504794749345012,0.2103551262010959
556,"Kokuraminami Ward,Kitakyushu City",1.0,0.16406255374178072,1.0,0.165000567123096,1.0,0.1738353611916654
557,"Yahatahigashi Ward,Kitakyushu City",0.947026696828325,0.1439712559182078,0.9566451707311652,0.14541398813709025,1.0052105193336354,0.15921323600806342
558,"Yahatanishi Ward,Kitakyushu City",1.0,0.13090480152670111,1.0,0.13350996543355706,1.0,0.16186494974391236
559,"Higashi Ward,Fukuoka City",1.1476227091588345,0.21765953247258968,1.1833895232757572,0.22332699401947934,1.1627750238966081,0.21302345636058476
560,"Hakata Ward,Fukuoka City",1.2481688008333738,0.2339226877588749,1.2407608496497577,0.23337166642570464,1.2630984529143652,0.24529399635650975
561,"Chuo Ward,Fukuoka City",1.1996088140328296,0.20370910578116933,1.1714754908146638,0.21228305331145786,1.2056476440627624,0.20876113394394052
562,"Minami Ward,Fukuoka City",1.1911019693451241,0.20674915354339637,1.1942519459242227,0.21256382086286996,1.1604941725956626,0.21254847375020744
563,"Nishi Ward,Fukuoka City",1.0972648586078115,0.1698404105752041,1.105049493375564,0.1799732271020753,1.168543005779094,0.1733715908057797
564,"Jonan Ward,Fukuoka City",1.1622771716314735,0.17144053255613262,1.1510276197727454,0.17850357822754548,1.1408999354427452,0.15172078224053412
565,"Sawara Ward,Fukuoka City",1.1352732067431317,0.20438109639634996,1.1315159953364649,0.20809696850725162,1.1872491662268496,0.19393884041706735
566,Omuta City,1.0877295026593203,0.11090537378258648,1.0710904403276955,0.1055823048261899,1.0471275467819456,0.13092268874123278
567,Kurume City,1.0,0.2022257460427372,1.0353156801774106,0.19402935048702197,1.043483060146447,0.18428256634035023
568,Iizuka City,1.0,0.2001286126907353,1.0,0.20181450543951165,1.0,0.13316086926997184
569,Kasuga City,1.1166600423143913,0.1288364557680511,1.0687051318828278,0.13214342502130397,1.1280566230358922,0.11514104032558048
570,Yanagawa City,1.0,9999.0,1.0,9999.0,1.0,9999.0
571,Chikugo City,1.0,9999.0,1.0,9999.0,1.0,9999.0
572,Okawa City,1.0,9999.0,1.0,9999.0,1.0,9999.0
573,Yukuhashi City,1.0,9999.0,1.0,9999.0,1.0,9999.0
574,Ogori City,1.0,9999.0,1.0,9999.0,1.0,9999.0
575,Chikushino City,1.0,0.07370885651574599,1.0,0.09106437829880099,1.0,0.18589756736163665
576,Onojo City,1.0,0.16020542385884842,1.0,0.12122131928999022,1.0,0.33727210692211096
577,Munakata City,1.0,0.4545780475774593,1.0,0.2750272553209611,1.0,0.29414061532055374
578,Dazaifu City,1.0,9999.0,1.0,9999.0,1.0,9999.0
579,Koga City,1.0023251736930838,0.0672409185617699,1.007988313392396,0.1548490738079185,0.9998625790302689,0.11841937584638401
580,Koga City,1.0023251736930838,0.0672409185617699,1.000412353617502,0.057065833563116675,0.9998625790302689,0.11841937584638401
581,Fukutsu City,1.0,0.06353331333831697,1.0,0.06756490669111553,1.0,0.10024261014654327
582,Itoshima City,1.0,0.07971190198020085,1.0,0.08330732211468811,1.0,0.334556714864295
583,Nakagawa City,1.0,9999.0,1.0,9999.0,1.0,9999.0
584,"Umi Town,Kasuya County",1.0,9999.0,1.0,9999.0,1.0,9999.0
585,"Sasaguri Town,Kasuya County",1.0,0.10404134444617592,1.0,0.11309870338136448,1.0,0.5816091910732586
586,"Shime Town,Kasuya County",1.0,0.08378404968394235,1.0,0.0885857202794929,1.0,0.21543511168210305
587,"Ashiya Town,Onga County",1.0,9999.0,1.0,9999.0,1.0,9999.0
588,Saga City,1.0,0.10166349351917586,1.0533521665310714,0.10080262704008622,1.0673873150182256,0.10033170958901044
589,Karatsu City,1.0,0.15633295487841484,1.0812601367371855,0.15855391941514832,1.0855872092844816,0.14982364455489547
590,Nagasaki City,1.1101064719273521,0.13600141400566007,1.1253709302994932,0.16816296217098645,1.0874052936741527,0.1752099028307935
591,Sasebo City,1.0810010741358442,0.11702243703583928,1.1133024585773532,0.08417935608562398,1.0507343948527599,0.08933446728843178
592,Isahaya City,0.9127815554431438,0.48019729330320443,1.0791452361986398,0.2532269283212293,1.072008867442091,0.17116215408123572
593,"Chuo Ward,Kumamoto City",1.1063287881041923,0.17490073875106604,1.0376948232141423,0.1703033842533279,1.0412958668771966,0.17890445812236436
594,"Higashi Ward,Kumamoto City",1.0096086727312217,0.07348091823301019,1.0119039351330366,0.09804989667729203,1.0786950362859289,0.0869192913290451
595,"Nishi Ward,Kumamoto City",1.043649526836087,0.19001162114613449,1.0885226289270036,0.10605849005992478,1.0504445476220219,0.26486944695940096
596,"Minami Ward,Kumamoto City",1.0,0.09273833374094899,1.0,0.08570794223137215,1.0,0.08732518749010272
597,"Kita Ward,Kumamoto City",1.06656623834829,0.02830172422587499,1.0032408007730749,0.019003195019333792,1.0455315867432475,0.09693345000424824
598,Yatsushiro City,0.9277763374208527,1.8637711863892357,0.5980209697718096,2.3365414788465078,0.8334522413228971,2.475614467426388
599,Oita City,1.1055753124054786,0.11649731783916326,1.0913662706029887,0.12539899166146068,1.0931110594741025,0.127929931134925
600,Beppu City,1.0000994633642248,0.1818960716235275,1.0829400057831418,0.17792188503799622,1.0412050287405639,0.19778886908009927
601,Miyazaki City,1.035218749691544,0.1584031773700079,1.0557700855338235,0.18944731601208448,1.0639942857070843,0.1982158663164112
602,Miyakonojo City,1.1219213318425405,0.33465564318851904,1.1285885249115826,0.3667325369701298,1.0,0.39941878936498226
603,Nobeoka City,1.0,0.33944717943664793,0.7015363712627286,0.39108867071803716,1.0449240682955068,0.4731876244367606
604,Kagoshima City,0.9323508133153517,0.17525211856952747,0.9950284364203004,0.10353824681480958,0.9993070140234713,0.1075446384199179
605,Satsumasendai City,1.0017258245110499,0.08909534172747678,0.9988228758251564,0.07291635470082893,0.9976743350554128,0.34273446415161196
606,Kirishima City,1.0030044441299526,0.00031241647533915507,0.9999999981025663,0.0003830801046378906,1.00000000012884,0.019648464064754328
607,Kanoya City,1.0,9999.0,1.0,9999.0,1.0,9999.0
608,Naha City,1.3195579532975032,0.18579420372859765,1.2912404659014196,0.18537556827331292,1.2831214377721802,0.18676814202540715
609,Urasoe City,1.0403360447843644,0.19588991798044816,1.0312410365048787,0.11766812026091247,1.1895577419861079,0.11194658005170656
610,Okinawa City,1.0606910325098557,0.0011772534533290705,1.219965875522084,0.03223058920153318,1.0,0.011994333524274089
611,Uruma City,1.006933704589906,0.00499111935519993,1.0087980616788865,0.005618335000830532,1.0020363922659374,0.01811771768165008
